# 4.8 分区表

## 1. 分区概述

分区功能并不是在存储引擎完成的，因此并不是只有InnoDB存储引擎支持分区。但也不是所有的存储引擎都支持分区。

Mysql数据库在5.1版本时添加了对分区的支持。分区的过程是将一个表或索引分解为多个更小、更可管理的部分。就数据库的应用而言，从逻辑上讲，只有一个表或一个索引，但是在物理上这个表或索引可能由数十个物理分区组成。每个分区都是独立的对象，可以独自处理也可以作为一个更大对象的一部分进行处理。

Mysql数据库支持的分区类型为水平分区，并不支持垂直分区。此外，MySQL数据库的分区是局部分区索引，一个分区中既存放了数据又存放了索引。而全局分区是指，数据存放在各个分区中，但是所有数据的索引放在一个对象中。

可以通过如下命令查看是否启动了分区功能：

```sql
show variables like "%partition%";
```

```sql
show plugins;
```

并不是启用了分区，数据库就会运行得快，分局会给某些SQL语句性能带来提高，但是分区主要用于数据库高可用性的管理。在OLTP应用中，对于分区的使用应该非常小心。

Mysql支持以下几种类型的分区：

- RANGE分区：行数据基于属于一个给定连续区间的列值被放入分区。
- LIST分区：和RANGE分区类似，只是LIST分区面向的是离散的值。
- HASH分区：根据用户自定义的表达式的返回值来进行分区，返回值不能为负数
- KEY分区：根据MYSQL数据库提供的哈希函数来进行分区。

不论创建何种类型的分区，如果表中存在主键或唯一索引时，分区列必须是唯一索引的一个组成部分，因此下面创建分区的SQL语句会产生错误：

```sql
create Table t1 (
    col1 INT NOT NULL,
    col2 DATE NOT NULL,
    col3 INT NOT NULL,
    col4 INT NOT NULL,
    UNIQUE KEY(col1,col2)
)
PARTITION BY HASH(col3)
PARTITIONS 4;

Error Code: 1503. A PRIMARY KEY must include all columns in the table's partitioning function

```

唯一索引可以是允许NULL值的，并且分区列只要是唯一索引的一个组成部分，不需要整个唯一索引列都是分区列。

如果建表没有指定主键，唯一索引，可以指定任何一个列为分区列。

## 2. 分区类型

### 1. RANGE分区

RANGE分区将指定列数据根据数据取值划分为几个范围，根据取值范围进行分区。例如：

```sql
create table t (
    id INT
) ENGINE = InnoDB
partition by range (id) (
partition p0 values less than(10),
partition p1 values less than(20)
)
```

所有小于10的数据均放入p0分区，在小于20大于等于10的数据均放入到p1中,如果出现分区未规定的数据，例如本例中大于等于20的数据，那么插入时，会报错。

例如：

```shell
mysql> insert into t select 30;
ERROR 1526 (HY000): Table has no partition for value 30
```

为了避免这个问题，可以为期添加一个MAXVALUE值的分区。MAXVALUE可以理解为正无穷：

```sql
alter table t
add partition
(partition p2 values less than maxvalue);
```

插入范围内的数据则正常：

```shell
mysql> insert into t select 9;
Query OK, 1 row affected (0.00 sec)
Records: 1  Duplicates: 0  Warnings: 0

mysql> insert into t select 10;
Query OK, 1 row affected (0.01 sec)
Records: 1  Duplicates: 0  Warnings: 0

mysql> insert into t select 11;
Query OK, 1 row affected (0.00 sec)
Records: 1  Duplicates: 0  Warnings: 0

mysql> select * from t;
+------+
| id   |
+------+
|    9 |
|   10 |
|   11 |
+------+
3 rows in set (0.00 sec)

```

可以通过information_schema中的PARTITIONS表对分区信息进行查看：

```shell
mysql> select * from information_schema.PARTITIONS where table_schema=database() and table_name = 't'\G;
*************************** 1. row ***************************
                TABLE_CATALOG: def
                 TABLE_SCHEMA: mybatis
                   TABLE_NAME: t
               PARTITION_NAME: p0
            SUBPARTITION_NAME: NULL
   PARTITION_ORDINAL_POSITION: 1
SUBPARTITION_ORDINAL_POSITION: NULL
             PARTITION_METHOD: RANGE
          SUBPARTITION_METHOD: NULL
         PARTITION_EXPRESSION: id
      SUBPARTITION_EXPRESSION: NULL
        PARTITION_DESCRIPTION: 10
                   TABLE_ROWS: 1
               AVG_ROW_LENGTH: 16384
                  DATA_LENGTH: 16384
              MAX_DATA_LENGTH: NULL
                 INDEX_LENGTH: 0
                    DATA_FREE: 0
                  CREATE_TIME: 2019-11-14 12:15:17
                  UPDATE_TIME: 2019-11-14 12:20:17
                   CHECK_TIME: NULL
                     CHECKSUM: NULL
            PARTITION_COMMENT: 
                    NODEGROUP: default
              TABLESPACE_NAME: NULL
*************************** 2. row ***************************
                TABLE_CATALOG: def
                 TABLE_SCHEMA: mybatis
                   TABLE_NAME: t
               PARTITION_NAME: p1
            SUBPARTITION_NAME: NULL
   PARTITION_ORDINAL_POSITION: 2
SUBPARTITION_ORDINAL_POSITION: NULL
             PARTITION_METHOD: RANGE
          SUBPARTITION_METHOD: NULL
         PARTITION_EXPRESSION: id
      SUBPARTITION_EXPRESSION: NULL
        PARTITION_DESCRIPTION: 20
                   TABLE_ROWS: 2
               AVG_ROW_LENGTH: 8192
                  DATA_LENGTH: 16384
              MAX_DATA_LENGTH: NULL
                 INDEX_LENGTH: 0
                    DATA_FREE: 0
                  CREATE_TIME: 2019-11-14 12:15:17
                  UPDATE_TIME: 2019-11-14 12:20:22
                   CHECK_TIME: NULL
                     CHECKSUM: NULL
            PARTITION_COMMENT: 
                    NODEGROUP: default
              TABLESPACE_NAME: NULL
2 rows in set (0.01 sec)

```

TABLE_ROWS列反映了每个分区中记录的数量。由于之前向表中插入了9、10、15三条记录，因此p0中应有1条记录，分区p1中有两条记录。PARTITION_METHOD表示分区的类型，这里显示的是RANGE。

RANGE分区主要用于日期列的分区。

```sql
create table sales(
    money int unsigned not null,
    date datetime)
engine = InnoDB
partition by RANGE (YEAR(date)) (
partition p2008 values less than(2009),
partition p2009 values less than(2010),
partition p2010 values less than(2011));


insert into sales select 100,'2008-01-01';
insert into sales select 200,'2008-01-03';
insert into sales select 100,'2009-01-01';
insert into sales select 100,'2009-01-02';
insert into sales select 100,'2010-01-01';
insert into sales select 100,'2010-03-01';
```

分区可以加快某些查询操作的速度，例如删除2008年的数据仅仅需要删除分区即可。查询2008整年数据也只需要查询p2008一个分区：

```shell
mysql> explain partitions select * from sales where date >='2008-01-01' and date <= '2008-12-31'\G;
*************************** 1. row ***************************
           id: 1
  select_type: SIMPLE
        table: sales
   partitions: p2008
         type: ALL
possible_keys: NULL
          key: NULL
      key_len: NULL
          ref: NULL
         rows: 2
     filtered: 50.00
        Extra: Using where
1 row in set, 2 warnings (0.00 sec)
```

注意这里只搜索了p2008一个分区，而不是搜索所有分区，但是如果执行如下SQL:

```shell

mysql> explain partitions select * from sales where date >='2008-01-01' and date <= '2009-01-01'\G;
*************************** 1. row ***************************
           id: 1
  select_type: SIMPLE
        table: sales
   partitions: p2008,p2009
         type: ALL
possible_keys: NULL
          key: NULL
      key_len: NULL
          ref: NULL
         rows: 4
     filtered: 25.00
        Extra: Using where
1 row in set, 2 warnings (0.00 sec)
```

上面的SQL会查询两个分区。

如果采用如下方式建表：

```sql
create table sales (
    money int unsigned not null,
    date datetime
) engine = InnoDB
partition by range(YEAR(date)*100+MONTH(date)) (
    partition p201001 values less than (201002),
    partition p201002 values less than (201003),
    partition p201003 values less than (201004)
);
```

如此进行分区内查询会出现如下情况：

```shell
mysql> explain select * from sales where date >='2008-01-01' and date <= '2008-01-31'\G;
*************************** 1. row ***************************
           id: 1
  select_type: SIMPLE
        table: sales
   partitions: p201001,p201002,p201003
         type: ALL
possible_keys: NULL
          key: NULL
      key_len: NULL
          ref: NULL
         rows: 1
     filtered: 100.00
        Extra: Using where
1 row in set, 1 warning (0.00 sec)
```

可以看到，此处虽然查询的是一个分区内的数据，却扫描了所有的分区。原因是对于RANGE分区的查询，优化器只能对YEAR()、TO_DAYS()、TO_SECONDS()、UNIX_TIMESTAMP()这类函数进行优化选择，因此，如果改成如下方式建表：

```sql
create table sales (
    money int unsigned not null,
    date datetime
) engine = InnoDB
partition by range(to_days(date)) (
    partition p201001 values less than (to_days('2010-02-01')),
    partition p201002 values less than (to_days('2010-03-01')),
    partition p201003 values less than (to_days('2010-04-01'))
);
```

那么查询的执行计划如下:

```shell
mysql> explain select * from sales where date >= '2010-01-01' and date <= '2010-01-31';
+----+-------------+-------+------------+------+---------------+------+---------+------+------+----------+-------------+
| id | select_type | table | partitions | type | possible_keys | key  | key_len | ref  | rows | filtered | Extra       |
+----+-------------+-------+------------+------+---------------+------+---------+------+------+----------+-------------+
|  1 | SIMPLE      | sales | p201001    | ALL  | NULL          | NULL | NULL    | NULL |    1 |   100.00 | Using where |
+----+-------------+-------+------------+------+---------------+------+---------+------+------+----------+-------------+
1 row in set, 1 warning (0.00 sec)
```

可以看到，成功的只查询了一个分区。

### 2.List分区

List分区与RANGE分区很相似，但是不同的是LIST分区是离散的，不是连续的。

```sql
create table t(
id INT,
b INT
) engine=INNODB
partition by LIST(b) (
partition p0 values in (1,3,5,7,9),
partition p1 values in (0,2,4,6,8)
)
```

表示b为1,3,5,7,9则放入p0分区，b为0,2,4,6,8则放入p1分区，如下：

```sql
insert into t select 1,2;
insert into t select 1,1;
insert into t select 2,3;
insert into t select 2,4;
insert into t select 3,5;
insert into t select 3,6;
```

```shell
mysql> select table_name,partition_name,table_rows from information_schema.PARTITIONS where table_schema=DATABASE() and table_name='t';
+------------+----------------+------------+
| table_name | partition_name | table_rows |
+------------+----------------+------------+
| t          | p0             |          3 |
| t          | p1             |          3 |
+------------+----------------+------------+
2 rows in set (0.00 sec)
```

可以看到，p0和p1分区各有3条数据。

对于插入不在分区内的数据仍然会抛出异常：

```shell
mysql> insert into t select 1,100;
ERROR 1526 (HY000): Table has no partition for value 100
```

如果使用INSERT插入多个行数据的过程遇到分区未定义的值，MyISAM和InnoDB存储引擎处理方法完全不同，MyISAM引擎会将之前的行数据都插入，但之后的数据不会被插入，InnoDB会将其视为一个事务，因此没有任何数据插入。


### 3.HASH分区


